{
  "Register API" : {
    "transaction" : "Register API",
    "sampleCount" : 20,
    "errorCount" : 0,
    "errorPct" : 0.0,
    "meanResTime" : 1196.0500000000002,
    "medianResTime" : 1341.5,
    "minResTime" : 641.0,
    "maxResTime" : 1914.0,
    "pct1ResTime" : 1528.9,
    "pct2ResTime" : 1895.1999999999998,
    "pct3ResTime" : 1914.0,
    "throughput" : 8.916629514043692,
    "receivedKBytesPerSec" : 12.08621266161391,
    "sentKBytesPerSec" : 2.5574356330806958
  },
  "Visit the register page" : {
    "transaction" : "Visit the register page",
    "sampleCount" : 20,
    "errorCount" : 0,
    "errorPct" : 0.0,
    "meanResTime" : 814.25,
    "medianResTime" : 628.0,
    "minResTime" : 229.0,
    "maxResTime" : 2317.0,
    "pct1ResTime" : 1461.2,
    "pct2ResTime" : 2274.2499999999995,
    "pct3ResTime" : 2317.0,
    "throughput" : 8.58000858000858,
    "receivedKBytesPerSec" : 25.69813116688117,
    "sentKBytesPerSec" : 1.0306064993564994
  },
  "Total" : {
    "transaction" : "Total",
    "sampleCount" : 100,
    "errorCount" : 0,
    "errorPct" : 0.0,
    "meanResTime" : 548.1399999999998,
    "medianResTime" : 426.0,
    "minResTime" : 94.0,
    "maxResTime" : 2317.0,
    "pct1ResTime" : 1433.7,
    "pct2ResTime" : 1453.85,
    "pct3ResTime" : 2312.969999999998,
    "throughput" : 30.211480362537767,
    "receivedKBytesPerSec" : 42.06004531722054,
    "sentKBytesPerSec" : 9.256396336858005
  },
  "Get tasks" : {
    "transaction" : "Get tasks",
    "sampleCount" : 40,
    "errorCount" : 0,
    "errorPct" : 0.0,
    "meanResTime" : 225.62500000000006,
    "medianResTime" : 102.5,
    "minResTime" : 94.0,
    "maxResTime" : 537.0,
    "pct1ResTime" : 427.9,
    "pct2ResTime" : 535.9,
    "pct3ResTime" : 537.0,
    "throughput" : 29.006526468455405,
    "receivedKBytesPerSec" : 24.545073422770123,
    "sentKBytesPerSec" : 9.970993473531545
  },
  "Add ToDo task" : {
    "transaction" : "Add ToDo task",
    "sampleCount" : 20,
    "errorCount" : 0,
    "errorPct" : 0.0,
    "meanResTime" : 279.15,
    "medianResTime" : 247.0,
    "minResTime" : 99.0,
    "maxResTime" : 435.0,
    "pct1ResTime" : 433.9,
    "pct2ResTime" : 434.95,
    "pct3ResTime" : 435.0,
    "throughput" : 22.52252252252252,
    "receivedKBytesPerSec" : 20.674971846846848,
    "sentKBytesPerSec" : 9.853603603603604
  }
}